<?xml version="1.0" encoding="UTF-8"?>
<feature
      id="org.eclipse.ecf.provider.jxta-feature"
      label="JxtaEcf Feature"
      version="1.0.0"
      provider-name="Pierre-Henry. Perret">

   <description url="http://www.example.com/description">
      jxta service bundle with auto config
   </description>

   <copyright url="http://www.example.com/copyright">
      [Enter Copyright Description here.]
   </copyright>

   <license url="http://www.example.com/license">
      [Enter License Description here.]
   </license>

   <url>
      <update url="http://www.work2gather.com"/>
   </url>

   <requires>
      <import plugin="net.jxta.lib" version="1.0.0" match="greaterOrEqual"/>
      <import plugin="jxta_ext_configuration" version="1.0.0" match="greaterOrEqual"/>
      <import plugin="javax.servlet" version="2.4.0" match="greaterOrEqual"/>
      <import plugin="org.mortbay.jetty" version="5.1.11" match="greaterOrEqual"/>
      <import plugin="javax.servlet.jsp" version="2.0.0" match="greaterOrEqual"/>
   </requires>

   <plugin
         id="jxta_ext_configuration"
         download-size="0"
         install-size="0"
         version="0.0.0"
         unpack="false"/>

   <plugin
         id="jxta_ext_service"
         download-size="0"
         install-size="0"
         version="0.0.0"/>

   <plugin
         id="net.jxta.lib"
         download-size="0"
         install-size="0"
         version="0.0.0"
         unpack="false"/>

</feature>
