<?xml version="1.0" encoding="UTF-8"?>
<feature
      id="org.remotercp.client_feature"
      label="Remote Eclipse RCP Client Feature"
      version="1.0.0">

   <description url="http://www.example.com/description">
      This feature contains bundles which are necessary for the Remote Eclipe RCP Management client tool. This feature allows clients to be updated from a remote admin machine.
   </description>

   <copyright url="http://www.example.com/copyright">
      [Enter Copyright Description here.]
   </copyright>

   <license url="http://www.example.com/license">
      [Enter License Description here.]
   </license>

   <requires>
      <import feature="org.eclipse.ecf.core" version="2.0.0.v20080603-1445" match="greaterOrEqual"/>
   </requires>

   <plugin
         id="org.remotercp.common"
         download-size="0"
         install-size="0"
         version="1.0.0"
         unpack="false"/>

   <plugin
         id="org.remotercp.ecf"
         download-size="0"
         install-size="0"
         version="1.0.0"
         unpack="false"/>

   <plugin
         id="org.remotercp.filetransfer.receiver"
         download-size="0"
         install-size="0"
         version="1.0.0"
         unpack="false"/>

   <plugin
         id="org.remotercp.libs"
         download-size="0"
         install-size="0"
         version="1.0.0"/>

   <plugin
         id="org.remotercp.login"
         download-size="0"
         install-size="0"
         version="1.0.0"
         unpack="false"/>

   <plugin
         id="org.remotercp.preferences"
         download-size="0"
         install-size="0"
         version="1.0.0"
         unpack="false"/>

   <plugin
         id="org.remotercp.progress"
         download-size="0"
         install-size="0"
         version="1.0.0"
         unpack="false"/>

   <plugin
         id="org.remotercp.provisioning"
         download-size="0"
         install-size="0"
         version="1.0.0"
         unpack="false"/>

   <plugin
         id="org.remotercp.util"
         download-size="0"
         install-size="0"
         version="1.0.0"
         unpack="false"/>

</feature>
