<?xml version="1.0" encoding="UTF-8"?>
<feature
      id="org.eclipse.ecf.provider.skype_feature"
      label="ECF Skype Provider (win32)"
      version="2.1.0.qualifier"
      provider-name="Eclipse.org">

   <description url="http://www.eclipse.org/ecf">
      Eclipse Communications Framework Skype Provider
   </description>

   <copyright>
      /*******************************************************************************
* Copyright (c) 2004 Composent, Inc. and others. All rights reserved.
* This program and the accompanying materials are made available
* under the terms of the Eclipse Public License v1.0 which accompanies
* this distribution, and is available at 
* http://www.eclipse.org/legal/epl-v10.html
* 
* Contributors: Composent, Inc. - initial API and implementation
******************************************************************************/
   </copyright>

   <license url="http://www.eclipse.org/legal/epl-v10.html">
      About This Content
May 11, 2006
License
The Eclipse Foundation makes available all content in this plug-in
(&quot;Content&quot;). Unless otherwise indicated below, the Content is
provided to you under the terms and conditions of the Eclipse
Public License Version 1.0 (&quot;EPL&quot;). A copy of the EPL is available
at http://www.eclipse.org/legal/epl-v10.html. For purposes of
the EPL, &quot;Program&quot; will mean the Content.
If you did not receive this Content directly from the Eclipse
Foundation, the Content is being redistributed by another party
(&quot;Redistributor&quot;) and different terms and conditions may apply
to your use of any object code in the Content. Check the Redistributor&apos;s
license that was provided with the Content. If no such license
exists, contact the Redistributor. Unless otherwise indicated
below, the terms and conditions of the EPL still apply to any
source code in the Content and such source code may be obtained
at http://www.eclipse.org.
   </license>

   <requires>
      <import plugin="org.eclipse.osgi"/>
      <import plugin="org.eclipse.swt"/>
      <import plugin="org.eclipse.ecf"/>
      <import plugin="org.eclipse.ecf.presence"/>
      <import plugin="org.eclipse.ecf.sharedobject"/>
      <import plugin="org.eclipse.equinox.common"/>
      <import plugin="org.eclipse.ecf.provider"/>
      <import plugin="org.eclipse.ecf.telephony.call"/>
      <import plugin="org.eclipse.ecf.datashare"/>
      <import plugin="org.eclipse.ecf.provider.datashare"/>
      <import plugin="org.eclipse.ecf.remoteservice"/>
      <import plugin="org.eclipse.ecf.provider.remoteservice"/>
      <import plugin="org.eclipse.osgi.services"/>
      <import plugin="org.eclipse.ui"/>
      <import plugin="org.eclipse.core.runtime"/>
      <import plugin="org.eclipse.ecf.presence.ui"/>
      <import plugin="org.eclipse.ecf.ui"/>
      <import plugin="org.eclipse.ecf.telephony.call.ui"/>
      <import plugin="org.eclipse.jface.text"/>
   </requires>

   <plugin
         id="com.skype"
         os="win32"
         ws="win32"
         arch="x86"
         download-size="0"
         install-size="0"
         version="0.0.0"
         unpack="false"/>

   <plugin
         id="com.skype.win32.win32.x86"
         download-size="0"
         install-size="0"
         version="0.0.0"
         fragment="true"
         unpack="false"/>

   <plugin
         id="org.eclipse.ecf.provider.skype"
         download-size="0"
         install-size="0"
         version="0.0.0"
         unpack="false"/>

   <plugin
         id="org.eclipse.ecf.provider.skype.ui"
         download-size="0"
         install-size="0"
         version="0.0.0"
         unpack="false"/>

</feature>
